{
  "NB_multinomial": {
    "accuracy": 0.86812,
    "precision": 0.8780087077959419,
    "recall": 0.85504,
    "f1": 0.8663721476918088
  },
  "NB_complement": {
    "accuracy": 0.86812,
    "precision": 0.8780087077959419,
    "recall": 0.85504,
    "f1": 0.8663721476918088
  },
  "LR_C1": {
    "accuracy": 0.89944,
    "precision": 0.895391194171682,
    "recall": 0.90456,
    "f1": 0.8999522445081184
  },
  "LR_C0.1": {
    "accuracy": 0.87012,
    "precision": 0.8605720520614137,
    "recall": 0.88336,
    "f1": 0.8718171410524653
  },
  "LR_C10": {
    "accuracy": 0.90092,
    "precision": 0.9021102463291343,
    "recall": 0.89944,
    "f1": 0.9007731442534952
  },
  "LR_C1_balanced": {
    "accuracy": 0.89944,
    "precision": 0.895391194171682,
    "recall": 0.90456,
    "f1": 0.8999522445081184
  }
}