{
  "NB_multinomial": {
    "accuracy": 0.6242840778923253,
    "precision": 0.712280701754386,
    "recall": 0.712280701754386,
    "f1": 0.712280701754386
  },
  "NB_complement": {
    "accuracy": 0.6242840778923253,
    "precision": 0.712280701754386,
    "recall": 0.712280701754386,
    "f1": 0.712280701754386
  },
  "LR_C1": {
    "accuracy": 0.6048109965635738,
    "precision": 0.7319587628865979,
    "recall": 0.6228070175438597,
    "f1": 0.6729857819905213
  },
  "LR_C0.1": {
    "accuracy": 0.6552119129438717,
    "precision": 0.6622436670687576,
    "recall": 0.9631578947368421,
    "f1": 0.7848463187991422
  },
  "LR_C10": {
    "accuracy": 0.563573883161512,
    "precision": 0.715261958997722,
    "recall": 0.5508771929824562,
    "f1": 0.622398414271556
  },
  "LR_C1_balanced": {
    "accuracy": 0.6048109965635738,
    "precision": 0.7319587628865979,
    "recall": 0.6228070175438597,
    "f1": 0.6729857819905213
  }
}