{
  "NB_multinomial": {
    "accuracy": 0.8171428571428572,
    "precision": 0.7971014492753623,
    "recall": 0.9649122807017544,
    "f1": 0.873015873015873
  },
  "NB_complement": {
    "accuracy": 0.8342857142857143,
    "precision": 0.8761061946902655,
    "recall": 0.868421052631579,
    "f1": 0.8722466960352423
  },
  "LR_C1": {
    "accuracy": 0.8342857142857143,
    "precision": 0.8102189781021898,
    "recall": 0.9736842105263158,
    "f1": 0.8844621513944223
  },
  "LR_C0.1": {
    "accuracy": 0.6514285714285715,
    "precision": 0.6514285714285715,
    "recall": 1.0,
    "f1": 0.7889273356401384
  },
  "LR_C10": {
    "accuracy": 0.8857142857142857,
    "precision": 0.8852459016393442,
    "recall": 0.9473684210526315,
    "f1": 0.9152542372881356
  },
  "LR_C1_balanced": {
    "accuracy": 0.8571428571428571,
    "precision": 0.9009009009009009,
    "recall": 0.8771929824561403,
    "f1": 0.8888888888888888
  }
}